File Name,Status,Output 224x224,Output Labeled,Scalogram Shape,PD Type
pulse10_surface1.mat,Processed,surface_pulse1_224x224.png,surface_pulse1_scalogram_labeled.png,"(224, 224, 3)",surface
pulse10_surface10.mat,Processed,surface_pulse2_224x224.png,surface_pulse2_scalogram_labeled.png,"(224, 224, 3)",surface
pulse10_surface11.mat,Processed,surface_pulse3_224x224.png,surface_pulse3_scalogram_labeled.png,"(224, 224, 3)",surface
pulse10_surface12.mat,Processed,surface_pulse4_224x224.png,surface_pulse4_scalogram_labeled.png,"(224, 224, 3)",surface
pulse10_surface13.mat,Processed,surface_pulse5_224x224.png,surface_pulse5_scalogram_labeled.png,"(224, 224, 3)",surface
pulse10_surface14.mat,Processed,surface_pulse6_224x224.png,surface_pulse6_scalogram_labeled.png,"(224, 224, 3)",surface
pulse10_surface15.mat,Processed,surface_pulse7_224x224.png,surface_pulse7_scalogram_labeled.png,"(224, 224, 3)",surface
pulse10_surface16.mat,Processed,surface_pulse8_224x224.png,surface_pulse8_scalogram_labeled.png,"(224, 224, 3)",surface
pulse10_surface17.mat,Processed,surface_pulse9_224x224.png,surface_pulse9_scalogram_labeled.png,"(224, 224, 3)",surface
pulse10_surface18.mat,Processed,surface_pulse10_224x224.png,surface_pulse10_scalogram_labeled.png,"(224, 224, 3)",surface
pulse10_surface19.mat,Processed,surface_pulse11_224x224.png,surface_pulse11_scalogram_labeled.png,"(224, 224, 3)",surface
pulse10_surface2.mat,Processed,surface_pulse12_224x224.png,surface_pulse12_scalogram_labeled.png,"(224, 224, 3)",surface
pulse10_surface20.mat,Processed,surface_pulse13_224x224.png,surface_pulse13_scalogram_labeled.png,"(224, 224, 3)",surface
pulse10_surface3.mat,Processed,surface_pulse14_224x224.png,surface_pulse14_scalogram_labeled.png,"(224, 224, 3)",surface
pulse10_surface5.mat,Processed,surface_pulse15_224x224.png,surface_pulse15_scalogram_labeled.png,"(224, 224, 3)",surface
pulse10_surface6.mat,Processed,surface_pulse16_224x224.png,surface_pulse16_scalogram_labeled.png,"(224, 224, 3)",surface
pulse10_surface8.mat,Processed,surface_pulse17_224x224.png,surface_pulse17_scalogram_labeled.png,"(224, 224, 3)",surface
pulse10_surface9.mat,Processed,surface_pulse18_224x224.png,surface_pulse18_scalogram_labeled.png,"(224, 224, 3)",surface
pulse11_surface1.mat,Processed,surface_pulse19_224x224.png,surface_pulse19_scalogram_labeled.png,"(224, 224, 3)",surface
pulse11_surface10.mat,Processed,surface_pulse20_224x224.png,surface_pulse20_scalogram_labeled.png,"(224, 224, 3)",surface
pulse11_surface11.mat,Processed,surface_pulse21_224x224.png,,"(224, 224, 3)",surface
pulse11_surface12.mat,Processed,surface_pulse22_224x224.png,,"(224, 224, 3)",surface
pulse11_surface13.mat,Processed,surface_pulse23_224x224.png,,"(224, 224, 3)",surface
pulse11_surface14.mat,Processed,surface_pulse24_224x224.png,,"(224, 224, 3)",surface
pulse11_surface15.mat,Processed,surface_pulse25_224x224.png,,"(224, 224, 3)",surface
pulse11_surface16.mat,Processed,surface_pulse26_224x224.png,,"(224, 224, 3)",surface
pulse11_surface17.mat,Processed,surface_pulse27_224x224.png,,"(224, 224, 3)",surface
pulse11_surface18.mat,Processed,surface_pulse28_224x224.png,,"(224, 224, 3)",surface
pulse11_surface19.mat,Processed,surface_pulse29_224x224.png,,"(224, 224, 3)",surface
pulse11_surface2.mat,Processed,surface_pulse30_224x224.png,,"(224, 224, 3)",surface
pulse11_surface20.mat,Processed,surface_pulse31_224x224.png,,"(224, 224, 3)",surface
pulse11_surface3.mat,Processed,surface_pulse32_224x224.png,,"(224, 224, 3)",surface
pulse11_surface5.mat,Processed,surface_pulse33_224x224.png,,"(224, 224, 3)",surface
pulse11_surface6.mat,Processed,surface_pulse34_224x224.png,,"(224, 224, 3)",surface
pulse11_surface8.mat,Processed,surface_pulse35_224x224.png,,"(224, 224, 3)",surface
pulse11_surface9.mat,Processed,surface_pulse36_224x224.png,,"(224, 224, 3)",surface
pulse12_surface1.mat,Processed,surface_pulse37_224x224.png,,"(224, 224, 3)",surface
pulse12_surface10.mat,Processed,surface_pulse38_224x224.png,,"(224, 224, 3)",surface
pulse12_surface11.mat,Processed,surface_pulse39_224x224.png,,"(224, 224, 3)",surface
pulse12_surface12.mat,Processed,surface_pulse40_224x224.png,,"(224, 224, 3)",surface
pulse12_surface13.mat,Processed,surface_pulse41_224x224.png,,"(224, 224, 3)",surface
pulse12_surface14.mat,Processed,surface_pulse42_224x224.png,,"(224, 224, 3)",surface
pulse12_surface15.mat,Processed,surface_pulse43_224x224.png,,"(224, 224, 3)",surface
pulse12_surface16.mat,Processed,surface_pulse44_224x224.png,,"(224, 224, 3)",surface
pulse12_surface17.mat,Processed,surface_pulse45_224x224.png,,"(224, 224, 3)",surface
pulse12_surface18.mat,Processed,surface_pulse46_224x224.png,,"(224, 224, 3)",surface
pulse12_surface19.mat,Processed,surface_pulse47_224x224.png,,"(224, 224, 3)",surface
pulse12_surface2.mat,Processed,surface_pulse48_224x224.png,,"(224, 224, 3)",surface
pulse12_surface20.mat,Processed,surface_pulse49_224x224.png,,"(224, 224, 3)",surface
pulse12_surface5.mat,Processed,surface_pulse50_224x224.png,,"(224, 224, 3)",surface
pulse12_surface8.mat,Processed,surface_pulse51_224x224.png,,"(224, 224, 3)",surface
pulse12_surface9.mat,Processed,surface_pulse52_224x224.png,,"(224, 224, 3)",surface
pulse1_surface1.mat,Processed,surface_pulse53_224x224.png,,"(224, 224, 3)",surface
pulse1_surface10.mat,Processed,surface_pulse54_224x224.png,,"(224, 224, 3)",surface
pulse1_surface11.mat,Processed,surface_pulse55_224x224.png,,"(224, 224, 3)",surface
pulse1_surface12.mat,Processed,surface_pulse56_224x224.png,,"(224, 224, 3)",surface
pulse1_surface13.mat,Processed,surface_pulse57_224x224.png,,"(224, 224, 3)",surface
pulse1_surface14.mat,Processed,surface_pulse58_224x224.png,,"(224, 224, 3)",surface
pulse1_surface15.mat,Processed,surface_pulse59_224x224.png,,"(224, 224, 3)",surface
pulse1_surface16.mat,Processed,surface_pulse60_224x224.png,,"(224, 224, 3)",surface
pulse1_surface17.mat,Processed,surface_pulse61_224x224.png,,"(224, 224, 3)",surface
pulse1_surface18.mat,Processed,surface_pulse62_224x224.png,,"(224, 224, 3)",surface
pulse1_surface19.mat,Processed,surface_pulse63_224x224.png,,"(224, 224, 3)",surface
pulse1_surface2.mat,Processed,surface_pulse64_224x224.png,,"(224, 224, 3)",surface
pulse1_surface20.mat,Processed,surface_pulse65_224x224.png,,"(224, 224, 3)",surface
pulse1_surface3.mat,Processed,surface_pulse66_224x224.png,,"(224, 224, 3)",surface
pulse1_surface4.mat,Processed,surface_pulse67_224x224.png,,"(224, 224, 3)",surface
pulse1_surface5.mat,Processed,surface_pulse68_224x224.png,,"(224, 224, 3)",surface
pulse1_surface6.mat,Processed,surface_pulse69_224x224.png,,"(224, 224, 3)",surface
pulse1_surface7.mat,Processed,surface_pulse70_224x224.png,,"(224, 224, 3)",surface
pulse1_surface8.mat,Processed,surface_pulse71_224x224.png,,"(224, 224, 3)",surface
pulse1_surface9.mat,Processed,surface_pulse72_224x224.png,,"(224, 224, 3)",surface
pulse2_surface1.mat,Processed,surface_pulse73_224x224.png,,"(224, 224, 3)",surface
pulse2_surface10.mat,Processed,surface_pulse74_224x224.png,,"(224, 224, 3)",surface
pulse2_surface11.mat,Processed,surface_pulse75_224x224.png,,"(224, 224, 3)",surface
pulse2_surface12.mat,Processed,surface_pulse76_224x224.png,,"(224, 224, 3)",surface
pulse2_surface13.mat,Processed,surface_pulse77_224x224.png,,"(224, 224, 3)",surface
pulse2_surface14.mat,Processed,surface_pulse78_224x224.png,,"(224, 224, 3)",surface
pulse2_surface15.mat,Processed,surface_pulse79_224x224.png,,"(224, 224, 3)",surface
pulse2_surface16.mat,Processed,surface_pulse80_224x224.png,,"(224, 224, 3)",surface
pulse2_surface17.mat,Processed,surface_pulse81_224x224.png,,"(224, 224, 3)",surface
pulse2_surface18.mat,Processed,surface_pulse82_224x224.png,,"(224, 224, 3)",surface
pulse2_surface19.mat,Processed,surface_pulse83_224x224.png,,"(224, 224, 3)",surface
pulse2_surface2.mat,Processed,surface_pulse84_224x224.png,,"(224, 224, 3)",surface
pulse2_surface20.mat,Processed,surface_pulse85_224x224.png,,"(224, 224, 3)",surface
pulse2_surface3.mat,Processed,surface_pulse86_224x224.png,,"(224, 224, 3)",surface
pulse2_surface4.mat,Processed,surface_pulse87_224x224.png,,"(224, 224, 3)",surface
pulse2_surface5.mat,Processed,surface_pulse88_224x224.png,,"(224, 224, 3)",surface
pulse2_surface6.mat,Processed,surface_pulse89_224x224.png,,"(224, 224, 3)",surface
pulse2_surface7.mat,Processed,surface_pulse90_224x224.png,,"(224, 224, 3)",surface
pulse2_surface8.mat,Processed,surface_pulse91_224x224.png,,"(224, 224, 3)",surface
pulse2_surface9.mat,Processed,surface_pulse92_224x224.png,,"(224, 224, 3)",surface
pulse3_surface1.mat,Processed,surface_pulse93_224x224.png,,"(224, 224, 3)",surface
pulse3_surface10.mat,Processed,surface_pulse94_224x224.png,,"(224, 224, 3)",surface
pulse3_surface11.mat,Processed,surface_pulse95_224x224.png,,"(224, 224, 3)",surface
pulse3_surface12.mat,Processed,surface_pulse96_224x224.png,,"(224, 224, 3)",surface
pulse3_surface13.mat,Processed,surface_pulse97_224x224.png,,"(224, 224, 3)",surface
pulse3_surface14.mat,Processed,surface_pulse98_224x224.png,,"(224, 224, 3)",surface
pulse3_surface15.mat,Processed,surface_pulse99_224x224.png,,"(224, 224, 3)",surface
pulse3_surface16.mat,Processed,surface_pulse100_224x224.png,,"(224, 224, 3)",surface
pulse3_surface17.mat,Processed,surface_pulse101_224x224.png,,"(224, 224, 3)",surface
pulse3_surface18.mat,Processed,surface_pulse102_224x224.png,,"(224, 224, 3)",surface
pulse3_surface19.mat,Processed,surface_pulse103_224x224.png,,"(224, 224, 3)",surface
pulse3_surface2.mat,Processed,surface_pulse104_224x224.png,,"(224, 224, 3)",surface
pulse3_surface20.mat,Processed,surface_pulse105_224x224.png,,"(224, 224, 3)",surface
pulse3_surface3.mat,Processed,surface_pulse106_224x224.png,,"(224, 224, 3)",surface
pulse3_surface4.mat,Processed,surface_pulse107_224x224.png,,"(224, 224, 3)",surface
pulse3_surface5.mat,Processed,surface_pulse108_224x224.png,,"(224, 224, 3)",surface
pulse3_surface6.mat,Processed,surface_pulse109_224x224.png,,"(224, 224, 3)",surface
pulse3_surface7.mat,Processed,surface_pulse110_224x224.png,,"(224, 224, 3)",surface
pulse3_surface8.mat,Processed,surface_pulse111_224x224.png,,"(224, 224, 3)",surface
pulse3_surface9.mat,Processed,surface_pulse112_224x224.png,,"(224, 224, 3)",surface
pulse4_surface1.mat,Processed,surface_pulse113_224x224.png,,"(224, 224, 3)",surface
pulse4_surface10.mat,Processed,surface_pulse114_224x224.png,,"(224, 224, 3)",surface
pulse4_surface11.mat,Processed,surface_pulse115_224x224.png,,"(224, 224, 3)",surface
pulse4_surface12.mat,Processed,surface_pulse116_224x224.png,,"(224, 224, 3)",surface
pulse4_surface13.mat,Processed,surface_pulse117_224x224.png,,"(224, 224, 3)",surface
pulse4_surface14.mat,Processed,surface_pulse118_224x224.png,,"(224, 224, 3)",surface
pulse4_surface15.mat,Processed,surface_pulse119_224x224.png,,"(224, 224, 3)",surface
pulse4_surface16.mat,Processed,surface_pulse120_224x224.png,,"(224, 224, 3)",surface
pulse4_surface17.mat,Processed,surface_pulse121_224x224.png,,"(224, 224, 3)",surface
pulse4_surface18.mat,Processed,surface_pulse122_224x224.png,,"(224, 224, 3)",surface
pulse4_surface19.mat,Processed,surface_pulse123_224x224.png,,"(224, 224, 3)",surface
pulse4_surface2.mat,Processed,surface_pulse124_224x224.png,,"(224, 224, 3)",surface
pulse4_surface20.mat,Processed,surface_pulse125_224x224.png,,"(224, 224, 3)",surface
pulse4_surface3.mat,Processed,surface_pulse126_224x224.png,,"(224, 224, 3)",surface
pulse4_surface4.mat,Processed,surface_pulse127_224x224.png,,"(224, 224, 3)",surface
pulse4_surface5.mat,Processed,surface_pulse128_224x224.png,,"(224, 224, 3)",surface
pulse4_surface6.mat,Processed,surface_pulse129_224x224.png,,"(224, 224, 3)",surface
pulse4_surface7.mat,Processed,surface_pulse130_224x224.png,,"(224, 224, 3)",surface
pulse4_surface8.mat,Processed,surface_pulse131_224x224.png,,"(224, 224, 3)",surface
pulse4_surface9.mat,Processed,surface_pulse132_224x224.png,,"(224, 224, 3)",surface
pulse5_surface1.mat,Processed,surface_pulse133_224x224.png,,"(224, 224, 3)",surface
pulse5_surface10.mat,Processed,surface_pulse134_224x224.png,,"(224, 224, 3)",surface
pulse5_surface11.mat,Processed,surface_pulse135_224x224.png,,"(224, 224, 3)",surface
pulse5_surface12.mat,Processed,surface_pulse136_224x224.png,,"(224, 224, 3)",surface
pulse5_surface13.mat,Processed,surface_pulse137_224x224.png,,"(224, 224, 3)",surface
pulse5_surface14.mat,Processed,surface_pulse138_224x224.png,,"(224, 224, 3)",surface
pulse5_surface15.mat,Processed,surface_pulse139_224x224.png,,"(224, 224, 3)",surface
pulse5_surface16.mat,Processed,surface_pulse140_224x224.png,,"(224, 224, 3)",surface
pulse5_surface17.mat,Processed,surface_pulse141_224x224.png,,"(224, 224, 3)",surface
pulse5_surface18.mat,Processed,surface_pulse142_224x224.png,,"(224, 224, 3)",surface
pulse5_surface19.mat,Processed,surface_pulse143_224x224.png,,"(224, 224, 3)",surface
pulse5_surface2.mat,Processed,surface_pulse144_224x224.png,,"(224, 224, 3)",surface
pulse5_surface20.mat,Processed,surface_pulse145_224x224.png,,"(224, 224, 3)",surface
pulse5_surface3.mat,Processed,surface_pulse146_224x224.png,,"(224, 224, 3)",surface
pulse5_surface4.mat,Processed,surface_pulse147_224x224.png,,"(224, 224, 3)",surface
pulse5_surface5.mat,Processed,surface_pulse148_224x224.png,,"(224, 224, 3)",surface
pulse5_surface6.mat,Processed,surface_pulse149_224x224.png,,"(224, 224, 3)",surface
pulse5_surface7.mat,Processed,surface_pulse150_224x224.png,,"(224, 224, 3)",surface
pulse5_surface8.mat,Processed,surface_pulse151_224x224.png,,"(224, 224, 3)",surface
pulse5_surface9.mat,Processed,surface_pulse152_224x224.png,,"(224, 224, 3)",surface
pulse6_surface1.mat,Processed,surface_pulse153_224x224.png,,"(224, 224, 3)",surface
pulse6_surface10.mat,Processed,surface_pulse154_224x224.png,,"(224, 224, 3)",surface
pulse6_surface11.mat,Processed,surface_pulse155_224x224.png,,"(224, 224, 3)",surface
pulse6_surface12.mat,Processed,surface_pulse156_224x224.png,,"(224, 224, 3)",surface
pulse6_surface13.mat,Processed,surface_pulse157_224x224.png,,"(224, 224, 3)",surface
pulse6_surface14.mat,Processed,surface_pulse158_224x224.png,,"(224, 224, 3)",surface
pulse6_surface15.mat,Processed,surface_pulse159_224x224.png,,"(224, 224, 3)",surface
pulse6_surface16.mat,Processed,surface_pulse160_224x224.png,,"(224, 224, 3)",surface
pulse6_surface17.mat,Processed,surface_pulse161_224x224.png,,"(224, 224, 3)",surface
pulse6_surface18.mat,Processed,surface_pulse162_224x224.png,,"(224, 224, 3)",surface
pulse6_surface19.mat,Processed,surface_pulse163_224x224.png,,"(224, 224, 3)",surface
pulse6_surface2.mat,Processed,surface_pulse164_224x224.png,,"(224, 224, 3)",surface
pulse6_surface20.mat,Processed,surface_pulse165_224x224.png,,"(224, 224, 3)",surface
pulse6_surface3.mat,Processed,surface_pulse166_224x224.png,,"(224, 224, 3)",surface
pulse6_surface4.mat,Processed,surface_pulse167_224x224.png,,"(224, 224, 3)",surface
pulse6_surface5.mat,Processed,surface_pulse168_224x224.png,,"(224, 224, 3)",surface
pulse6_surface6.mat,Processed,surface_pulse169_224x224.png,,"(224, 224, 3)",surface
pulse6_surface7.mat,Processed,surface_pulse170_224x224.png,,"(224, 224, 3)",surface
pulse6_surface8.mat,Processed,surface_pulse171_224x224.png,,"(224, 224, 3)",surface
pulse6_surface9.mat,Processed,surface_pulse172_224x224.png,,"(224, 224, 3)",surface
pulse7_surface1.mat,Processed,surface_pulse173_224x224.png,,"(224, 224, 3)",surface
pulse7_surface10.mat,Processed,surface_pulse174_224x224.png,,"(224, 224, 3)",surface
pulse7_surface11.mat,Processed,surface_pulse175_224x224.png,,"(224, 224, 3)",surface
pulse7_surface12.mat,Processed,surface_pulse176_224x224.png,,"(224, 224, 3)",surface
pulse7_surface13.mat,Processed,surface_pulse177_224x224.png,,"(224, 224, 3)",surface
pulse7_surface14.mat,Processed,surface_pulse178_224x224.png,,"(224, 224, 3)",surface
pulse7_surface15.mat,Processed,surface_pulse179_224x224.png,,"(224, 224, 3)",surface
pulse7_surface16.mat,Processed,surface_pulse180_224x224.png,,"(224, 224, 3)",surface
pulse7_surface17.mat,Processed,surface_pulse181_224x224.png,,"(224, 224, 3)",surface
pulse7_surface18.mat,Processed,surface_pulse182_224x224.png,,"(224, 224, 3)",surface
pulse7_surface19.mat,Processed,surface_pulse183_224x224.png,,"(224, 224, 3)",surface
pulse7_surface2.mat,Processed,surface_pulse184_224x224.png,,"(224, 224, 3)",surface
pulse7_surface20.mat,Processed,surface_pulse185_224x224.png,,"(224, 224, 3)",surface
pulse7_surface3.mat,Processed,surface_pulse186_224x224.png,,"(224, 224, 3)",surface
pulse7_surface4.mat,Processed,surface_pulse187_224x224.png,,"(224, 224, 3)",surface
pulse7_surface5.mat,Processed,surface_pulse188_224x224.png,,"(224, 224, 3)",surface
pulse7_surface6.mat,Processed,surface_pulse189_224x224.png,,"(224, 224, 3)",surface
pulse7_surface7.mat,Processed,surface_pulse190_224x224.png,,"(224, 224, 3)",surface
pulse7_surface8.mat,Processed,surface_pulse191_224x224.png,,"(224, 224, 3)",surface
pulse7_surface9.mat,Processed,surface_pulse192_224x224.png,,"(224, 224, 3)",surface
pulse8_surface1.mat,Processed,surface_pulse193_224x224.png,,"(224, 224, 3)",surface
pulse8_surface10.mat,Processed,surface_pulse194_224x224.png,,"(224, 224, 3)",surface
pulse8_surface11.mat,Processed,surface_pulse195_224x224.png,,"(224, 224, 3)",surface
pulse8_surface12.mat,Processed,surface_pulse196_224x224.png,,"(224, 224, 3)",surface
pulse8_surface13.mat,Processed,surface_pulse197_224x224.png,,"(224, 224, 3)",surface
pulse8_surface14.mat,Processed,surface_pulse198_224x224.png,,"(224, 224, 3)",surface
pulse8_surface15.mat,Processed,surface_pulse199_224x224.png,,"(224, 224, 3)",surface
pulse8_surface16.mat,Processed,surface_pulse200_224x224.png,,"(224, 224, 3)",surface
pulse8_surface17.mat,Processed,surface_pulse201_224x224.png,,"(224, 224, 3)",surface
pulse8_surface18.mat,Processed,surface_pulse202_224x224.png,,"(224, 224, 3)",surface
pulse8_surface19.mat,Processed,surface_pulse203_224x224.png,,"(224, 224, 3)",surface
pulse8_surface2.mat,Processed,surface_pulse204_224x224.png,,"(224, 224, 3)",surface
pulse8_surface20.mat,Processed,surface_pulse205_224x224.png,,"(224, 224, 3)",surface
pulse8_surface3.mat,Processed,surface_pulse206_224x224.png,,"(224, 224, 3)",surface
pulse8_surface4.mat,Processed,surface_pulse207_224x224.png,,"(224, 224, 3)",surface
pulse8_surface5.mat,Processed,surface_pulse208_224x224.png,,"(224, 224, 3)",surface
pulse8_surface6.mat,Processed,surface_pulse209_224x224.png,,"(224, 224, 3)",surface
pulse8_surface8.mat,Processed,surface_pulse210_224x224.png,,"(224, 224, 3)",surface
pulse8_surface9.mat,Processed,surface_pulse211_224x224.png,,"(224, 224, 3)",surface
pulse9_surface1.mat,Processed,surface_pulse212_224x224.png,,"(224, 224, 3)",surface
pulse9_surface10.mat,Processed,surface_pulse213_224x224.png,,"(224, 224, 3)",surface
pulse9_surface11.mat,Processed,surface_pulse214_224x224.png,,"(224, 224, 3)",surface
pulse9_surface12.mat,Processed,surface_pulse215_224x224.png,,"(224, 224, 3)",surface
pulse9_surface13.mat,Processed,surface_pulse216_224x224.png,,"(224, 224, 3)",surface
pulse9_surface14.mat,Processed,surface_pulse217_224x224.png,,"(224, 224, 3)",surface
pulse9_surface15.mat,Processed,surface_pulse218_224x224.png,,"(224, 224, 3)",surface
pulse9_surface16.mat,Processed,surface_pulse219_224x224.png,,"(224, 224, 3)",surface
pulse9_surface17.mat,Processed,surface_pulse220_224x224.png,,"(224, 224, 3)",surface
pulse9_surface18.mat,Processed,surface_pulse221_224x224.png,,"(224, 224, 3)",surface
pulse9_surface19.mat,Processed,surface_pulse222_224x224.png,,"(224, 224, 3)",surface
pulse9_surface2.mat,Processed,surface_pulse223_224x224.png,,"(224, 224, 3)",surface
pulse9_surface20.mat,Processed,surface_pulse224_224x224.png,,"(224, 224, 3)",surface
pulse9_surface3.mat,Processed,surface_pulse225_224x224.png,,"(224, 224, 3)",surface
pulse9_surface4.mat,Processed,surface_pulse226_224x224.png,,"(224, 224, 3)",surface
pulse9_surface5.mat,Processed,surface_pulse227_224x224.png,,"(224, 224, 3)",surface
pulse9_surface6.mat,Processed,surface_pulse228_224x224.png,,"(224, 224, 3)",surface
pulse9_surface8.mat,Processed,surface_pulse229_224x224.png,,"(224, 224, 3)",surface
pulse9_surface9.mat,Processed,surface_pulse230_224x224.png,,"(224, 224, 3)",surface
